Fund Name,p1,p2,p3,p4,p5,Topsis Score,Rank
M1,0.67,0.45,6.5,42.6,12.56,0.6179874710055187,3
M2,0.6,0.36,3.6,53.3,14.47,0.35356540965334066,7
M3,0.82,0.67,3.8,63.1,17.1,0.40160707745731583,6
M4,0.6,0.36,3.5,69.2,18.42,0.24679064063591538,8
M5,0.76,0.58,4.8,43.0,12.29,0.6224237392894688,2
M6,0.69,0.48,6.6,48.7,14.12,0.5739849257711344,4
M7,0.79,0.62,4.8,59.2,16.35,0.4414831245614088,5
M8,0.84,0.71,6.5,34.5,10.64,0.7522668015631114,1
